{
    "cookie": "ALF=1751651664; SUB=_2A25FRPgADeRhGeFJ6FsR9SnPyz-IHXVmOHXIrDV8PUJbkNANLRLEkW1Nf-P6Ik3qzsZfWMBZFb9UWrXAFnJjmwo5; SUBP=0033WrSXqPxfM725Ws9jqgMF55529P9D9WhAyYxiEnLoZWbrkBaSBVMg5JpX5KMhUgL.FoMNe0.7SKM0ehe2dJLoIp7LxKML1KBLBKnLxKqL1hnLBoMNS0e4eh-Ne050; SINAGLOBAL=903498290072.7129.1749101123588; _s_tentry=weibo.com; Apache=9546519345552.979.1749187889939; ULV=1749187889941:2:2:2:9546519345552.979.1749187889939:1749101123595",    "default_pages": 5,
    "start_page": 1,
    "min_score": 1,
    "min_likes": 1000,
    "min_comments": 50,
    "min_forwards": 20,
    "download_media": true,
    "max_retries": 3,
    "retry_delay": 5,
    "thread_pool_size": 4,
    "proxy": null
}