{
    "cookie": "ALF=1752810361; SUB=_2A25FVkYpDeRhGe5O61EV9ifMyz2IHXVmKsfhrDV8PUJbkNAbLXf7kW1NdapMxALOo7YXxRWxfOqHHzrhFQlpcfh1; SUBP=0033WrSXqPxfM725Ws9jqgMF55529P9D9WFPayBljl4POdZTfaeHFpSq5JpX5KMhUgL.Fon7eheXSo.7eh22dJLoIp7LxKML1KBLBKnLxKqL1hnLBoMReh50Shq4eh5p; SINAGLOBAL=3751666155309.9453.1747925685853; _s_tentry=weibo.com; Apache=1936752092848.9224.1749048934645; ULV=1749048934663:2:1:1:1936752092848.9224.1749048934645:1747925685870",    "default_pages": 5,
    "start_page": 1,
    "min_score": 1,
    "min_likes": 1000,
    "min_comments": 50,
    "min_forwards": 20,
    "download_media": false,
    "max_retries": 3,
    "retry_delay": 5,
    "thread_pool_size": 4,
    "proxy": null
}